R_fighter,B_fighter,Winner,weight_class,R_wins,R_losses,B_wins,B_losses,fight_number
Adrian Yanez,Gustavo Lopez,Red,Bantamweight,1,0,1,1,1
Trevin Giles,Roman Dolidze,Red,Middleweight,4,2,2,0,2
Tai Tuivasa,Harry Hunsucker,Red,Heavyweight,4,3,0,0,3
Cheyanne Buys,Montserrat Conejo,Blue,WomenStrawweight,0,0,0,0,4
Marion Reneau,Macy Chiasson,Blue,WomenBantamweight,5,6,4,1,5
Leonardo Santos,Grant Dawson,Blue,Lightweight,7,1,4,0,6
Song Kenan,Max Griffin,Blue,Welterweight,4,1,4,6,7
Derek Brunson,Kevin Holland,Red,Middleweight,12,5,8,2,8
Montel Jackson,Jesse Strader,Red,Bantamweight,3,2,0,0,9
Bruno Silva,JP Buys,Red,Flyweight,0,3,0,0,10
Manel Kape,Matheus Nicolau,Blue,Flyweight,0,1,3,1,11
Misha Cirkunov,Ryan Spann,Blue,LightHeavyweight,6,3,4,1,12
Leon Edwards,Belal Muhammad,Draw,Welterweight,10,2,9,3,13
Charles Jourdain,Marcelo Rojo,Red,Featherweight,1,3,0,0,14
Eryk Anders,Darren Stewart,Draw,Middleweight,5,5,5,6,15
Angela Hill,Ashley Yoder,Red,WomenStrawweight,7,9,3,5,16
Jonathan Martinez,Davey Grant,Blue,Bantamweight,4,2,3,3,17
Dan Ige,Gavin Tucker,Red,Featherweight,6,2,4,1,18
Nasrat Haqparast,Rafa Garcia,Red,Lightweight,4,2,0,0,19
Cortney Casey,JJ Aldrich,Blue,WomenFlyweight,5,7,4,3,20
Matthew Semelsberger,Jason Witt,Red,Welterweight,1,0,1,1,21
Rani Yahya,Ray Rodriguez,Red,Bantamweight,11,6,0,1,22
Gloria de Paula,Jinh Yu Frey,Blue,WomenStrawweight,0,0,0,2,23
Dominick Cruz,Casey Kenney,Red,Bantamweight,5,2,5,1,24
Song Yadong,Kyler Phillips,Blue,Bantamweight,5,1,2,0,25
Petr Yan,Aljamain Sterling,Blue,Bantamweight,7,0,11,3,26
Jan Blachowicz,Israel Adesanya,Red,LightHeavyweight,10,5,9,0,27
Thiago Santos,Aleksandar Rakic,Blue,LightHeavyweight,13,7,5,1,28
Joseph Benavidez,Askar Askarov,Blue,Flyweight,15,5,2,1,29
Amanda Nunes,Megan Anderson,Red,WomenFeatherweight,13,1,3,2,30
Islam Makhachev,Drew Dober,Red,Lightweight,7,1,9,6,31
Tim Elliott,Jordan Espinosa,Red,Flyweight,5,9,2,3,32
Livinha Souza,Amanda Lemos,Blue,WomenStrawweight,3,1,2,1,33
Rogerio Bontorin,Kai Kara-France,Blue,Flyweight,2,1,4,2,34
Uros Medic,Aalon Cruz,Red,Lightweight,0,0,0,1,35
Kennedy Nzechukwu,Carlos Ulberg,Red,LightHeavyweight,1,1,0,0,36
Sean Brady,Jake Matthews,Red,Welterweight,3,0,10,4,37
Mario Bautista,Trevin Jones,Blue,Bantamweight,2,1,0,1,38
Jairzinho Rozenstruik,Ciryl Gane,Blue,Heavyweight,5,1,4,0,39
Montana De La Rosa,Mayra Bueno Silva,Draw,WomenFlyweight,4,2,2,1,40
Vince Cachero,Ronnie Lawrence,Blue,Bantamweight,0,1,0,0,41
Alexander Hernandez,Thiago Moises,Blue,Lightweight,4,2,3,2,42
Pedro Munhoz,Jimmie Rivera,Red,Bantamweight,8,6,7,3,43
Alex Caceres,Kevin Croom,Red,Featherweight,12,11,0,1,44
Alexis Davis,Sabina Mazo,Red,WomenBantamweight,6,5,3,1,45
Nikita Krylov,Magomed Ankalaev,Blue,LightHeavyweight,8,5,5,1,46
Dustin Jacoby,Maxim Grishin,Red,LightHeavyweight,1,2,1,1,47
Aleksei Oleinik,Chris Daukaus,Blue,Heavyweight,8,5,2,0,48
Charles Rosa,Darrick Minner,Blue,Featherweight,4,4,1,1,49
Phil Hawes,Nassourdine Imavov,Red,Middleweight,1,0,1,0,50
Curtis Blaydes,Derrick Lewis,Blue,Heavyweight,9,3,15,5,51
Eddie Wineland,John Castaneda,Blue,Bantamweight,6,8,0,1,52
Andrei Arlovski,Tom Aspinall,Blue,Heavyweight,19,14,2,0,53
Jared Gordon,Danny Chavez,Red,Featherweight,4,3,1,0,54
Ketlen Vieira,Yana Kunitskaya,Blue,WomenBantamweight,5,1,3,2,55
Aiemann Zahabi,Drako Rodriguez,Red,Bantamweight,1,2,0,0,56
Serghei Spivac,Jared Vanderaa,Red,Heavyweight,2,2,0,0,57
Nate Landwehr,Julian Erosa,Blue,Featherweight,1,1,2,4,58
Shana Dobson,Casey O'Neill,Blue,WomenFlyweight,2,3,0,0,59
Maycee Barber,Alexa Grasso,Blue,WomenFlyweight,3,1,4,3,60
Belal Muhammad,Dhiego Lima,Red,Welterweight,8,3,4,5,61
Maki Pitolo,Julian Marquez,Blue,Middleweight,1,3,1,1,62
Kamaru Usman,Gilbert Burns,Red,Welterweight,12,0,12,3,63
Ricky Simon,Brian Kelleher,Red,Featherweight,5,2,6,4,64
Kelvin Gastelum,Ian Heinisch,Red,Middleweight,10,7,3,2,65
Polyana Viana,Mallory Martin,Red,WomenStrawweight,2,3,1,1,66
Rodolfo Vieira,Anthony Hernandez,Blue,Middleweight,2,0,1,2,67
Gabe Green,Philip Rowe,Red,Welterweight,0,1,0,0,68
Andre Ewell,Chris Gutierrez,Blue,CatchWeight,4,2,3,2,69
Alexandre Pantoja,Manel Kape,Red,Flyweight,6,3,0,0,70
Karol Rosa,Joselyne Edwards,Red,WomenBantamweight,2,0,1,0,71
Devonte Smith,Justin Jaynes,Red,CatchWeight,2,1,1,2,72
Michael Johnson,Clay Guida,Blue,Lightweight,11,12,15,14,73
Alistair Overeem,Alexander Volkov,Blue,Heavyweight,12,7,6,2,74
Diego Ferreira,Beneil Dariush,Blue,Lightweight,8,2,13,5,75
Cory Sandhagen,Frankie Edgar,Red,Bantamweight,6,1,18,9,76
Mike Rodriguez,Danilo Marques,Blue,LightHeavyweight,2,4,1,0,77
Ode Osbourne,Jerome Rivera,Red,Featherweight,0,1,0,2,78
SeungWoo Choi,Youssef Zalal,Red,Featherweight,1,2,3,1,79
Molly McCann,Lara Procopio,Blue,WomenFlyweight,3,2,0,1,80
Timur Valiev,Martin Day,Red,Featherweight,0,1,0,3,81
Dan Hooker,Michael Chandler,Blue,Lightweight,10,5,0,0,82
Andrew Sanchez,Makhmud Muradov,Blue,Middleweight,5,3,2,0,83
Julianna Pena,Sara McMann,Red,WomenBantamweight,5,2,6,5,84
Jessica Eye,Joanne Calderwood,Blue,WomenFlyweight,5,8,6,5,85
Dustin Poirier,Conor McGregor,Red,Lightweight,18,6,10,2,86
Brad Tavares,Antonio Carlos Junior,Red,Middleweight,12,6,7,5,87
Arman Tsarukyan,Matt Frevola,Red,Lightweight,2,1,2,2,88
Marina Rodriguez,Amanda Ribas,Red,WomenStrawweight,2,3,4,0,89
Amir Albazi,Zhalgas Zhumagulov,Red,Flyweight,1,0,0,1,90
Khalil Rountree Jr.,Marcin Prachnio,Blue,LightHeavyweight,4,5,0,3,91
Nik Lentz,Movsar Evloev,Blue,CatchWeight,14,10,3,0,92
Ricky Simon,Gaetano Pirrello,Red,Bantamweight,4,2,0,0,93
Omari Akhmedov,Tom Breese,Red,Middleweight,8,5,5,2,94
Warlley Alves,Mounir Lazzez,Red,Welterweight,7,4,1,0,95
Matt Schnell,Tyson Nam,Red,Flyweight,4,3,2,2,96
Roxanne Modafferi,Viviane Araujo,Blue,WomenFlyweight,4,5,3,1,97
Ike Villanueva,Vinicius Moreira,Red,LightHeavyweight,0,2,0,3,98
Michael Chiesa,Neil Magny,Red,Welterweight,10,4,17,6,99
Lerone Murphy,Douglas Silva de Andrade,Red,Featherweight,1,1,4,3,100
Su Mudaerji,Zarrukh Adashev,Red,Flyweight,2,1,0,1,101
Francisco Figueiredo,Jerome Rivera,Red,Flyweight,0,0,0,1,102
Mike Davis,Mason Jones,Red,Lightweight,1,1,0,0,103
Dalcha Lungiambula,Markus Perez,Red,Middleweight,1,1,2,4,104
Umar Nurmagomedov,Sergey Morozov,Red,Bantamweight,0,0,0,0,105
Victoria Leonardo,Manon Fiorot,Blue,WomenFlyweight,0,0,0,0,106
Wu Yanan,Joselyne Edwards,Blue,WomenBantamweight,1,2,0,0,107
Punahele Soriano,Dusko Todorovic,Red,Middleweight,1,0,1,0,108
Carlos Felipe,Justin Tafa,Red,Heavyweight,1,1,1,1,109
Carlos Condit,Matt Brown,Red,Welterweight,8,9,15,11,110
David Zawada,Ramazan Emeev,Blue,Welterweight,1,2,4,1,111
Joaquin Buckley,Alessio Di Chirico,Blue,Middleweight,2,1,3,5,112
Santiago Ponzinibbio,Li Jingliang,Blue,Welterweight,9,2,9,4,113
Max Holloway,Calvin Kattar,Red,Featherweight,17,6,6,2,114
Sarah Moras,Vanessa Melo,Blue,WomenBantamweight,3,5,0,3,115
Jacob Kilburn,Austin Lingo,Blue,Featherweight,0,1,0,1,116
Marlon Moraes,Rob Font,Blue,Bantamweight,5,3,7,3,117
Sijara Eubanks,Pannie Kianzad,Blue,WomenBantamweight,4,3,2,2,118
Deron Winn,Antonio Arroyo,Red,CatchWeight,1,2,0,1,119
Stephen Thompson,Geoff Neal,Red,Welterweight,10,5,5,0,120
Jose Aldo,Marlon Vera,Red,Bantamweight,10,6,10,5,121
Anthony Pettis,Alex Morono,Red,Welterweight,10,9,7,4,122
Marcin Tybura,Greg Hardy,Red,Heavyweight,7,5,4,3,123
Michel Pereira,Khaos Williams,Red,Welterweight,2,2,2,0,124
Gillian Robertson,Taila Santos,Blue,WomenFlyweight,6,2,1,1,125
Jimmy Flick,Cody Durden,Red,Flyweight,0,0,0,1,126
Tafon Nchukwi,Jamie Pickett,Red,Middleweight,0,0,0,0,127
Christos Giagos,Carlton Minus,Red,CatchWeight,3,4,0,1,128
Renato Moicano,Rafael Fiziev,Blue,Lightweight,6,3,2,1,129
Kevin Holland,Jacare Souza,Red,Middleweight,7,2,9,5,130
Mackenzie Dern,Virna Jandiroba,Red,WomenStrawweight,4,1,2,1,131
Tony Ferguson,Charles Oliveira,Blue,Lightweight,15,2,17,9,132
Deiveson Figueiredo,Brandon Moreno,Draw,Flyweight,9,1,6,3,133
Junior Dos Santos,Ciryl Gane,Blue,Heavyweight,15,7,3,0,134
Gavin Tucker,Billy Quarantillo,Red,Featherweight,3,1,3,0,135
Cub Swanson,Daniel Pineda,Red,Featherweight,11,7,4,4,136
Tecia Torres,Sam Hughes,Red,WomenStrawweight,7,5,0,0,137
Chase Hooper,Peter Barrett,Red,Featherweight,1,1,0,1,138
Gabriel Benitez,Justin Jaynes,Red,Lightweight,5,4,1,1,139
Roman Dolidze,John Allan,Red,LightHeavyweight,1,0,0,1,140
Ilia Topuria,Damon Jackson,Red,Featherweight,1,0,1,3,141
Louis Smolka,Jose Quinonez,Red,Bantamweight,7,7,5,3,142
Gian Villante,Jake Collier,Blue,Heavyweight,7,9,3,4,143
Ovince Saint Preux,Jamahal Hill,Blue,LightHeavyweight,13,9,1,1,144
Matt Wiman,Jordan Leavitt,Blue,Lightweight,10,7,0,0,145
Jack Hermansson,Marvin Vettori,Blue,Middleweight,8,3,5,3,146
Ashlee Evans-Smith,Norma Dumont,Blue,WomenBantamweight,3,4,0,1,147
Jonathan Pearce,Kai Kamaka,Red,Featherweight,0,1,1,0,148
Miguel Baeza,Takashi Sato,Red,Welterweight,2,0,2,1,149
Josh Parisian,Parker Porter,Blue,Heavyweight,0,0,0,1,150
Anthony Smith,Devin Clark,Red,LightHeavyweight,8,6,6,4,151
Spike Carlyle,Bill Algeo,Blue,Featherweight,1,1,0,1,152
Martin Day,Anderson Dos Santos,Blue,Bantamweight,0,2,0,2,153
Luke Sanders,Nate Maness,Blue,CatchWeight,3,3,1,0,154
Gina Mazany,Rachael Ostovich,Red,WomenFlyweight,1,4,1,2,155
Su Mudaerji,Malcolm Gordon,Red,Flyweight,1,1,0,1,156
Brandon Moreno,Brandon Royval,Red,Flyweight,5,3,2,0,157
Joaquin Buckley,Jordan Wright,Red,Middleweight,1,1,1,0,158
Katlyn Chookagian,Cynthia Calvillo,Red,WomenFlyweight,7,4,6,2,159
Antonina Shevchenko,Ariane Lipski,Red,WomenFlyweight,2,2,2,2,160
Valentina Shevchenko,Jennifer Maia,Red,WomenFlyweight,8,2,3,2,161
Deiveson Figueiredo,Alex Perez,Red,Flyweight,8,1,6,1,162
Mauricio Rua,Paul Craig,Blue,LightHeavyweight,11,10,5,5,163
Mike Perry,Tim Means,Blue,Welterweight,7,6,12,10,164
Alan Jouban,Jared Gooden,Red,Welterweight,7,5,0,0,165
Daniel Rodriguez,Nicolas Dalby,Blue,Welterweight,3,0,2,4,166
Louis Cosce,Sasha Palatnikov,Blue,Welterweight,0,0,0,0,167
Kyle Daukaus,Dustin Stoltzfus,Red,Middleweight,0,1,0,0,168
Ashley Yoder,Miranda Granger,Red,WomenStrawweight,2,5,1,1,169
Kay Hansen,Cory McKenna,Blue,WomenStrawweight,1,0,0,0,170
Randa Markos,Kanako Murata,Blue,WomenStrawweight,6,9,0,0,171
Brendan Allen,Sean Strickland,Blue,CatchWeight,3,0,8,3,172
Geraldo de Freitas,Tony Gravely,Blue,Bantamweight,1,1,0,1,173
Alex Morono,Rhys McKee,Red,Welterweight,6,4,0,1,174
Abdul Razak Alhassan,Khaos Williams,Blue,Welterweight,4,2,1,0,175
Paul Felder,Rafael Dos Anjos,Blue,Lightweight,9,5,18,11,176
Don'Tale Mayes,Roque Martinez,Red,Heavyweight,0,2,0,1,177
Thiago Santos,Glover Teixeira,Blue,LightHeavyweight,13,6,14,5,178
Andrei Arlovski,Tanner Boser,Red,Heavyweight,18,14,3,1,179
Alexandr Romanov,Marcos Rogerio de Lima,Red,Heavyweight,1,0,6,4,180
Claudia Gadelha,Yan Xiaonan,Blue,WomenStrawweight,7,4,5,0,181
Darren Elkins,Eduardo Garagorri,Red,Featherweight,14,8,1,1,182
Giga Chikadze,Jamey Simmons,Red,Featherweight,4,0,0,0,183
Raoni Barcelos,Khalid Taha,Red,Bantamweight,4,0,1,2,184
Trevin Giles,Bevon Lewis,Red,Middleweight,3,2,1,2,185
Gustavo Lopez,Anthony Birchak,Red,Bantamweight,0,1,2,2,186
Max Griffin,Ramiz Brahimaj,Red,Welterweight,3,6,0,0,187
Chris Gruetzemacher,Alexander Hernandez,Blue,Lightweight,2,2,3,2,188
Adrian Yanez,Victor Rodriguez,Red,Bantamweight,0,0,0,0,189
Maurice Greene,Greg Hardy,Blue,Heavyweight,4,2,3,3,190
Sean Strickland,Jack Marshman,Red,Middleweight,7,3,3,4,191
Bobby Green,Thiago Moises,Blue,Lightweight,8,6,2,2,192
Kevin Holland,Charlie Ontiveros,Red,Middleweight,6,2,0,0,193
Uriah Hall,Anderson Silva,Red,Middleweight,8,7,17,7,194
Bryce Mitchell,Andre Fili,Red,Featherweight,4,0,9,6,195
Dustin Jacoby,Justin Ledet,Red,LightHeavyweight,0,2,3,3,196
Cole Williams,Jason Witt,Blue,Welterweight,0,1,0,1,197
Miles Johns,Kevin Natividad,Red,Bantamweight,1,1,0,0,198
Jacob Malkoun,Phil Hawes,Blue,Middleweight,0,0,0,0,199
Alexander Volkov,Walt Harris,Red,Heavyweight,5,2,6,8,200
Magomed Ankalaev,Ion Cutelaba,Red,LightHeavyweight,4,1,4,4,201
Stefan Struve,Tai Tuivasa,Blue,Heavyweight,13,10,3,3,202
Robert Whittaker,Jared Cannonier,Red,Middleweight,12,3,6,4,203
Lauren Murphy,Liliya Shakirova,Red,WomenFlyweight,5,4,0,0,204
Khabib Nurmagomedov,Justin Gaethje,Red,Lightweight,12,0,5,2,205
Nathaniel Wood,Casey Kenney,Blue,CatchWeight,4,1,4,1,206
Joel Alvarez,Alexander Yakovlev,Red,Lightweight,2,1,3,5,207
Liana Jojua,Miranda Maverick,Blue,WomenFlyweight,1,1,0,0,208
Da-Un Jung,Sam Alvey,Draw,LightHeavyweight,2,0,10,9,209
Alex Oliveira,Shavkat Rakhmonov,Blue,Welterweight,11,7,0,0,210
Katlyn Chookagian,Jessica Andrade,Blue,WomenFlyweight,7,3,11,6,211
Thomas Almeida,Jonathan Martinez,Blue,Featherweight,5,3,3,2,212
Jimmy Crute,Modestas Bukauskas,Red,LightHeavyweight,3,1,1,0,213
Mateusz Gamrot,Guram Kutateladze,Blue,Lightweight,0,0,0,0,214
Junyong Park,John Phillips,Red,Middleweight,1,1,1,4,215
Gillian Robertson,Poliana Botelho,Red,WomenFlyweight,5,2,3,1,216
Claudio Silva,James Krause,Blue,Welterweight,5,0,8,4,217
Brian Ortega,Chan Sung Jung,Red,Featherweight,6,2,6,2,218
Gadzhimurad Antigulov,Maxim Grishin,Blue,LightHeavyweight,2,3,0,1,219
Said Nurmagomedov,Mark Striegl,Red,Bantamweight,2,1,0,0,220
Jamie Mullarkey,Fares Ziam,Blue,Lightweight,0,1,0,1,221
Marlon Moraes,Cory Sandhagen,Blue,Bantamweight,5,2,5,1,222
Tom Breese,KB Bhullar,Red,Middleweight,4,2,0,0,223
Chris Daukaus,Rodrigo Nascimento,Red,Heavyweight,1,0,1,0,224
Markus Perez,Dricus Du Plessis,Blue,Middleweight,2,3,0,0,225
Ben Rothwell,Marcin Tybura,Blue,Heavyweight,8,6,6,5,226
Youssef Zalal,Ilia Topuria,Blue,Featherweight,3,0,0,0,227
Tom Aspinall,Alan Baudot,Red,Heavyweight,1,0,0,0,228
Edson Barboza,Makwan Amirkhani,Red,Featherweight,14,9,6,2,229
Impa Kasanganay,Joaquin Buckley,Blue,Middleweight,1,0,0,1,230
Giga Chikadze,Omar Morales,Red,Featherweight,3,0,2,0,231
Ali AlQaisi,Tony Kelley,Blue,Bantamweight,0,1,0,1,232
Tracy Cortez,Stephanie Egger,Red,WomenBantamweight,1,0,0,0,233
Bruno Silva,Tagir Ulanbekov,Blue,Flyweight,0,2,0,0,234
Carlos Condit,Court McGee,Red,Welterweight,7,9,8,8,235
Dequan Townsend,Dusko Todorovic,Blue,Middleweight,0,3,0,0,236
Charles Jourdain,Josh Culibao,Draw,Featherweight,1,2,0,1,237
Germaine de Randamie,Julianna Pena,Red,WomenBantamweight,6,2,5,1,238
Kyler Phillips,Cameron Else,Red,Bantamweight,1,0,0,0,239
Holly Holm,Irene Aldana,Red,WomenBantamweight,6,5,5,3,240
Yorgan De Castro,Carlos Felipe,Blue,Heavyweight,1,1,0,1,241
Jordan Williams,Nassourdine Imavov,Blue,Middleweight,0,0,0,0,242
Loma Lookboonmee,Jinh Yu Frey,Red,WomenStrawweight,1,1,0,1,243
Casey Kenney,Heili Alateng,Red,Bantamweight,3,1,2,0,244
Luigi Vendramini,Jessin Ayari,Red,Lightweight,0,1,1,2,245
Ketlen Vieira,Sijara Eubanks,Red,WomenBantamweight,4,1,4,2,246
Israel Adesanya,Paulo Costa,Red,Middleweight,8,0,5,0,247
Kai Kara-France,Brandon Royval,Blue,Flyweight,4,1,1,0,248
Shane Young,Ludovit Klein,Blue,Featherweight,2,1,0,0,249
Diego Sanchez,Jake Matthews,Blue,Welterweight,19,12,9,4,250
Brad Riddell,Alex Da Silva,Red,Lightweight,2,0,1,1,251
Dominick Reyes,Jan Blachowicz,Blue,LightHeavyweight,6,1,9,5,252
Hakeem Dawodu,Zubaira Tukhugov,Red,Featherweight,4,1,4,2,253
William Knight,Aleksa Camur,Red,LightHeavyweight,0,0,1,0,254
Khadis Ibragimov,Danilo Marques,Blue,LightHeavyweight,0,3,0,0,255
Juan Espino,Jeff Hughes,Red,Heavyweight,1,0,0,3,256
Johnny Walker,Ryan Spann,Red,LightHeavyweight,3,2,4,0,257
Mirsad Bektic,Damon Jackson,Blue,Featherweight,6,3,0,3,258
Colby Covington,Tyron Woodley,Red,Welterweight,10,2,9,5,259
Mackenzie Dern,Randa Markos,Red,WomenStrawweight,3,1,6,8,260
Jordan Espinosa,David Dvorak,Blue,Flyweight,2,2,1,0,261
Kevin Holland,Darren Stewart,Red,Middleweight,5,2,5,5,262
Khamzat Chimaev,Gerald Meerschaert,Red,Middleweight,2,0,6,5,263
Donald Cerrone,Niko Price,Draw,Welterweight,23,12,6,5,264
Jessica-Rose Clark,Sarah Alpar,Red,WomenBantamweight,2,2,0,0,265
Darrick Minner,TJ Laramie,Red,Featherweight,0,1,0,0,266
Journey Newson,Randy Costa,Blue,Bantamweight,0,2,1,1,267
Mayra Bueno Silva,Mara Romero Borella,Red,WomenFlyweight,1,1,2,4,268
Andre Ewell,Irwin Rivera,Red,Bantamweight,3,2,1,1,269
Tyson Nam,Jerome Rivera,Red,Bantamweight,1,2,0,0,270
Bobby Green,Alan Patrick,Red,Lightweight,7,6,5,2,271
Roosevelt Roberts,Kevin Croom,Draw,Lightweight,4,2,0,0,272
Billy Quarantillo,Kyle Nelson,Red,Featherweight,2,0,1,2,273
Julia Avila,Sijara Eubanks,Blue,WomenBantamweight,2,0,3,2,274
Michelle Waterson,Angela Hill,Red,WomenStrawweight,5,4,7,8,275
Roxanne Modafferi,Andrea Lee,Red,WomenFlyweight,3,5,3,2,276
Ed Herman,Mike Rodriguez,Red,LightHeavyweight,12,11,2,3,277
Ottman Azaitar,Khama Worthy,Red,Lightweight,1,0,2,0,278
Alexandr Romanov,Roque Martinez,Red,Heavyweight,0,0,0,0,279
Brok Weaver,Jalin Turner,Blue,CatchWeight,1,1,2,2,280
Bryan Barberena,Anthony Ivy,Red,Welterweight,5,5,0,1,281
Sabina Mazo,Justine Kish,Red,WomenFlyweight,2,1,3,2,282
Ovince Saint Preux,Alonzo Menifield,Red,LightHeavyweight,12,9,2,1,283
Brian Kelleher,Ray Rodriguez,Red,Featherweight,5,4,0,0,284
Michel Pereira,Zelim Imadaev,Red,Welterweight,1,2,0,2,285
Viviane Araujo,Montana De La Rosa,Red,WomenFlyweight,2,1,4,1,286
Andre Muniz,Bartosz Fabinski,Red,Middleweight,1,0,3,1,287
Cole Smith,Hunter Azure,Blue,Bantamweight,1,1,1,1,288
Alistair Overeem,Augusto Sakai,Red,Heavyweight,11,7,4,0,289
Alessio Di Chirico,Zak Cummings,Blue,Middleweight,3,4,8,4,290
Anthony Smith,Aleksandar Rakic,Blue,LightHeavyweight,8,5,4,1,291
Ricardo Lamas,Bill Algeo,Red,Featherweight,10,6,0,0,292
Robbie Lawler,Neil Magny,Blue,Welterweight,13,8,16,6,293
Ji Yeon Kim,Alexa Grasso,Blue,WomenFlyweight,3,2,3,3,294
Alex Caceres,Austin Springer,Red,Featherweight,11,11,0,0,295
Maki Pitolo,Impa Kasanganay,Blue,Middleweight,1,2,0,0,296
Sean Brady,Christian Aguilera,Red,Welterweight,2,0,1,0,297
Mallory Martin,Hannah Cifers,Red,WomenStrawweight,0,1,2,4,298
Polyana Viana,Emily Whitmire,Red,WomenStrawweight,1,3,2,2,299
Ike Villanueva,Jordan Wright,Blue,LightHeavyweight,0,1,0,0,300
Carlton Minus,Matthew Semelsberger,Blue,Welterweight,0,0,0,0,301
Daniel Rodriguez,Dwight Grant,Red,Welterweight,2,0,2,1,302
Marcin Prachnio,Mike Rodriguez,Blue,LightHeavyweight,0,2,1,3,303
Amanda Lemos,Inoue Mizuki,Red,WomenStrawweight,1,1,1,0,304
Mariya Agapova,Shana Dobson,Blue,WomenFlyweight,1,0,1,3,305
Austin Hubbard,Joe Solecki,Blue,Lightweight,2,2,1,0,306
Pedro Munhoz,Frankie Edgar,Blue,Bantamweight,8,5,17,9,307
Timur Valiev,Trevin Jones,Draw,CatchWeight,0,0,0,0,308
Junior Dos Santos,Jairzinho Rozenstruik,Blue,Heavyweight,15,6,4,1,309
Herbert Burns,Daniel Pineda,Blue,Featherweight,2,0,3,4,310
Felice Herrig,Virna Jandiroba,Blue,WomenStrawweight,5,3,1,1,311
Sean O'Malley,Marlon Vera,Blue,Bantamweight,4,0,9,5,312
John Dodson,Merab Dvalishvili,Blue,Bantamweight,10,6,4,2,313
Stipe Miocic,Daniel Cormier,Red,Heavyweight,13,3,11,3,314
TJ Brown,Danny Chavez,Blue,Featherweight,0,1,0,0,315
Jim Miller,Vinc Pichel,Blue,Lightweight,21,14,5,2,316
Chris Daukaus,Parker Porter,Red,Heavyweight,0,0,0,0,317
Kai Kamaka,Tony Kelley,Red,Featherweight,0,0,0,0,318
Ashley Yoder,Livinha Souza,Blue,WomenStrawweight,2,4,2,1,319
Tim Means,Laureano Staropoli,Red,Welterweight,11,10,2,1,320
Kevin Holland,Joaquin Buckley,Red,Middleweight,4,2,0,0,321
Nasrat Haqparast,Alexander Munoz,Red,Lightweight,3,2,0,0,322
Derrick Lewis,Aleksei Oleinik,Red,Heavyweight,14,5,8,4,323
Yana Kunitskaya,Julija Stoliarenko,Red,WomenBantamweight,2,2,0,1,324
Beneil Dariush,Scott Holtzman,Red,Lightweight,12,5,7,3,325
Maki Pitolo,Darren Stewart,Blue,Middleweight,1,1,4,5,326
Omari Akhmedov,Chris Weidman,Blue,Middleweight,8,4,10,5,327
Youssef Zalal,Peter Barrett,Red,Featherweight,2,0,0,0,328
Irwin Rivera,Ali AlQaisi,Red,Bantamweight,0,1,0,0,329
Gavin Tucker,Justin Jaynes,Red,Featherweight,2,1,1,0,330
Andrew Sanchez,Wellington Turman,Red,Middleweight,4,3,1,1,331
Joanne Calderwood,Jennifer Maia,Blue,WomenFlyweight,6,4,2,2,332
Johnny Munoz,Nate Maness,Blue,Featherweight,0,0,0,0,333
Frankie Saenz,Jonathan Martinez,Blue,Bantamweight,5,4,2,2,334
Jamall Emmers,Vince Cachero,Red,Featherweight,0,1,0,0,335
Vicente Luque,Randy Brown,Red,Welterweight,11,3,6,3,336
Derek Brunson,Edmen Shahbazyan,Red,Middleweight,11,5,4,0,337
Chris Gutierrez,Cody Durden,Draw,Bantamweight,3,1,0,0,338
Lando Vannata,Bobby Green,Blue,Lightweight,3,6,6,6,339
Alex Oliveira,Peter Sobotta,Red,Welterweight,10,7,4,5,340
Robert Whittaker,Darren Till,Red,Middleweight,11,3,6,3,341
Mauricio Rua,Rogerio Nogueira,Red,LightHeavyweight,10,10,6,6,342
Francisco Trinaldo,Jai Herbert,Red,Lightweight,15,6,0,0,343
Carla Esparza,Marina Rodriguez,Red,WomenStrawweight,7,4,2,2,344
Khamzat Chimaev,Rhys McKee,Red,Welterweight,1,0,0,0,345
Paul Craig,Gadzhimurad Antigulov,Red,LightHeavyweight,4,5,2,2,346
Fabricio Werdum,Alexander Gustafsson,Red,Heavyweight,11,6,10,6,347
Tom Aspinall,Jake Collier,Red,Heavyweight,0,0,3,3,348
Nicolas Dalby,Jesse Ronson,Draw,Welterweight,2,3,0,3,349
Tanner Boser,Raphael Pessoa,Red,Heavyweight,2,1,1,1,350
Movsar Evloev,Mike Grundy,Red,Featherweight,2,0,1,0,351
Ramazan Emeev,Niklas Stolze,Red,Welterweight,3,1,0,0,352
Bethe Correia,Pannie Kianzad,Blue,WomenBantamweight,5,5,1,2,353
Nathaniel Wood,John Castaneda,Red,Bantamweight,3,1,0,0,354
Joe Duffy,Joel Alvarez,Blue,Lightweight,4,3,1,1,355
Jack Hermansson,Kelvin Gastelum,Red,Middleweight,7,3,10,6,356
Marc Diakiese,Rafael Fiziev,Blue,Lightweight,5,3,1,1,357
Alexandre Pantoja,Askar Askarov,Blue,Flyweight,6,2,1,1,358
Grant Dawson,Nad Narimani,Red,CatchWeight,3,0,2,1,359
Deiveson Figueiredo,Joseph Benavidez,Red,Flyweight,7,1,15,4,360
Roman Dolidze,Khadis Ibragimov,Red,LightHeavyweight,0,0,0,2,361
Ariane Lipski,Luana Carolina,Red,WomenFlyweight,1,2,1,0,362
Malcolm Gordon,Amir Albazi,Blue,Bantamweight,0,0,0,0,363
Brett Johns,Montel Jackson,Red,Bantamweight,4,2,3,1,364
Carlos Felipe,Serghei Spivac,Blue,Heavyweight,0,0,1,2,365
Davi Ramos,Arman Tsarukyan,Blue,Lightweight,4,2,1,1,366
Modestas Bukauskas,Andreas Michailidis,Red,LightHeavyweight,0,0,0,0,367
Molly McCann,Taila Santos,Blue,WomenFlyweight,3,1,0,1,368
John Phillips,Khamzat Chimaev,Blue,Middleweight,1,3,0,0,369
Ricardo Ramos,Lerone Murphy,Blue,Featherweight,5,1,0,1,370
Jimmie Rivera,Cody Stamann,Red,Featherweight,6,3,5,2,371
Calvin Kattar,Dan Ige,Red,Featherweight,5,2,6,1,372
Abdul Razak Alhassan,Mounir Lazzez,Blue,Welterweight,4,1,0,0,373
Tim Elliott,Ryan Benoit,Red,Flyweight,4,9,3,4,374
Diana Belbita,Liana Jojua,Blue,WomenFlyweight,0,1,0,1,375
Jack Shore,Aaron Phillips,Red,Bantamweight,1,0,0,2,376
Jared Gordon,Chris Fishgold,Red,Featherweight,3,3,1,2,377
Jessica Andrade,Rose Namajunas,Blue,WomenStrawweight,11,5,6,3,378
Makwan Amirkhani,Danny Henry,Red,Featherweight,5,2,2,1,379
Volkan Oezdemir,Jiri Prochazka,Blue,LightHeavyweight,5,3,0,0,380
Elizeu Zaleski dos Santos,Muslim Salikhov,Blue,Welterweight,8,2,3,1,381
Petr Yan,Jose Aldo,Red,Bantamweight,6,0,10,5,382
Alexander Volkanovski,Max Holloway,Red,Featherweight,8,0,17,5,383
Kamaru Usman,Jorge Masvidal,Red,Welterweight,11,0,12,6,384
Amanda Ribas,Paige VanZant,Red,WomenFlyweight,3,0,5,3,385
Leonardo Santos,Roman Bogatov,Red,Lightweight,6,1,0,0,386
Karol Rosa,Vanessa Melo,Red,WomenBantamweight,1,0,0,2,387
Marcin Tybura,Maxim Grishin,Red,Heavyweight,5,5,0,0,388
Raulian Paiva,Zhalgas Zhumagulov,Red,Flyweight,1,2,0,0,389
Martin Day,Davey Grant,Blue,Bantamweight,0,1,2,3,390
Luis Pena,Khama Worthy,Blue,Lightweight,4,2,1,0,391
Philipe Lins,Tanner Boser,Blue,Heavyweight,0,1,1,1,392
Gian Villante,Maurice Greene,Blue,Heavyweight,7,8,3,2,393
Sean Woodson,Julian Erosa,Blue,CatchWeight,1,0,1,4,394
Mike Perry,Mickey Gall,Red,Welterweight,6,6,5,2,395
Dustin Poirier,Dan Hooker,Red,Lightweight,17,6,10,4,396
Brendan Allen,Kyle Daukaus,Red,Middleweight,2,0,0,0,397
Takashi Sato,Jason Witt,Red,Welterweight,1,1,0,0,398
Jordan Griffin,Youssef Zalal,Blue,Featherweight,1,2,1,0,399
Kay Hansen,Jinh Yu Frey,Red,WomenStrawweight,0,0,0,0,400
Jim Miller,Roosevelt Roberts,Red,CatchWeight,20,14,4,1,401
Marc-Andre Barriault,Oskar Piechota,Draw,Middleweight,0,3,2,3,402
Clay Guida,Bobby Green,Blue,Lightweight,15,13,5,6,403
Belal Muhammad,Lyman Good,Red,Welterweight,7,3,3,2,404
Curtis Blaydes,Alexander Volkov,Red,Heavyweight,8,3,5,1,405
Josh Emmett,Shane Burgos,Red,Featherweight,6,2,6,1,406
Tecia Torres,Brianna Van Buren,Red,WomenStrawweight,6,5,1,0,407
Raquel Pennington,Marion Reneau,Red,WomenBantamweight,7,5,5,5,408
Cortney Casey,Gillian Robertson,Blue,WomenFlyweight,5,6,4,2,409
Frank Camacho,Justin Jaynes,Blue,Lightweight,2,4,0,0,410
Roxanne Modafferi,Lauren Murphy,Blue,WomenFlyweight,3,4,4,4,411
Austin Hubbard,Max Rohskopf,Red,Lightweight,1,2,0,0,412
Mariya Agapova,Hannah Cifers,Red,WomenFlyweight,0,0,2,3,413
Andre Fili,Charles Jourdain,Red,Featherweight,8,6,1,1,414
Merab Dvalishvili,Gustavo Lopez,Red,CatchWeight,3,2,0,0,415
Jordan Espinosa,Mark De La Rosa,Red,Bantamweight,1,2,2,4,416
Karl Roberson,Marvin Vettori,Blue,Middleweight,4,2,4,3,417
Charles Rosa,Kevin Aguilar,Red,Lightweight,3,4,2,2,418
Jessica Eye,Cynthia Calvillo,Blue,WomenFlyweight,5,7,5,2,419
Julia Avila,Gina Mazany,Red,WomenBantamweight,1,0,1,3,420
Anthony Ivy,Christian Aguilera,Blue,Welterweight,0,0,0,0,421
Tyson Nam,Zarrukh Adashev,Red,Bantamweight,0,2,0,0,422
Cody Stamann,Brian Kelleher,Red,Featherweight,4,2,5,3,423
Eddie Wineland,Sean O'Malley,Blue,Bantamweight,6,7,3,0,424
Alex Caceres,Chase Hooper,Red,Featherweight,10,11,1,0,425
Raphael Assuncao,Cody Garbrandt,Blue,Bantamweight,11,4,6,3,426
Amanda Nunes,Felicia Spencer,Red,WomenFeatherweight,12,1,2,1,427
Aljamain Sterling,Cory Sandhagen,Red,Bantamweight,10,3,5,0,428
Neil Magny,Anthony Rocco Martin,Red,Welterweight,15,6,9,5,429
Ian Heinisch,Gerald Meerschaert,Red,Middleweight,2,2,6,4,430
Charles Byrd,Maki Pitolo,Blue,Middleweight,1,2,0,1,431
Evan Dunham,Herbert Burns,Blue,CatchWeight,11,9,1,0,432
Alonzo Menifield,Devin Clark,Blue,LightHeavyweight,2,0,5,4,433
Jussier Formiga,Alex Perez,Blue,Flyweight,9,6,5,1,434
Blagoy Ivanov,Augusto Sakai,Blue,Heavyweight,2,2,3,0,435
Jamahal Hill,Klidson Abreu,Draw,LightHeavyweight,1,0,1,2,436
Mackenzie Dern,Hannah Cifers,Red,WomenStrawweight,2,1,2,2,437
Daniel Rodriguez,Gabe Green,Red,Welterweight,1,0,0,0,438
Katlyn Chookagian,Antonina Shevchenko,Red,WomenFlyweight,6,3,2,1,439
Tyron Woodley,Gilbert Burns,Blue,Welterweight,9,4,11,3,440
Roosevelt Roberts,Brok Weaver,Red,Lightweight,3,1,1,0,441
Billy Quarantillo,Spike Carlyle,Red,CatchWeight,1,0,1,0,442
Tim Elliott,Brandon Royval,Blue,Flyweight,4,8,0,0,443
Louis Smolka,Casey Kenney,Blue,Bantamweight,7,6,2,1,444
Chris Gutierrez,Vince Morales,Red,Featherweight,2,1,1,2,445
Dan Ige,Edson Barboza,Red,Featherweight,5,1,14,8,446
Claudia Gadelha,Angela Hill,Red,WomenStrawweight,6,4,7,7,447
Anthony Hernandez,Kevin Holland,Blue,Middleweight,1,1,3,2,448
Giga Chikadze,Irwin Rivera,Red,Featherweight,2,0,0,0,449
Eryk Anders,Krzysztof Jotko,Blue,Middleweight,5,4,8,4,450
Matt Brown,Miguel Baeza,Blue,Welterweight,15,10,1,0,451
Alistair Overeem,Walt Harris,Red,Heavyweight,10,7,6,7,452
Song Yadong,Marlon Vera,Red,Featherweight,4,1,9,4,453
Cortney Casey,Mara Romero Borella,Red,WomenFlyweight,4,6,2,3,454
Darren Elkins,Nate Landwehr,Blue,Featherweight,14,7,0,1,455
Rodrigo Nascimento,Don'Tale Mayes,Red,Heavyweight,0,0,0,1,456
Ricky Simon,Ray Borg,Red,Bantamweight,3,2,7,4,457
Ben Rothwell,Ovince Saint Preux,Red,Heavyweight,7,6,12,8,458
Gabriel Benitez,Omar Morales,Blue,Lightweight,5,3,1,0,459
Anthony Smith,Glover Teixeira,Blue,LightHeavyweight,8,4,13,5,460
Andrei Arlovski,Philipe Lins,Red,Heavyweight,17,14,0,0,461
Michael Johnson,Thiago Moises,Blue,Lightweight,11,11,1,2,462
Alexander Hernandez,Drew Dober,Blue,Lightweight,3,1,8,6,463
Sijara Eubanks,Sarah Moras,Red,WomenBantamweight,2,2,3,4,464
Hunter Azure,Brian Kelleher,Blue,Featherweight,1,0,4,3,465
Chase Sherman,Ike Villanueva,Red,Heavyweight,2,5,0,0,466
Carla Esparza,Michelle Waterson,Red,WomenStrawweight,6,4,5,3,467
Anthony Pettis,Donald Cerrone,Red,Welterweight,9,9,23,11,468
Aleksei Oleinik,Fabricio Werdum,Red,Heavyweight,7,4,11,5,469
Jeremy Stephens,Calvin Kattar,Blue,Featherweight,15,17,4,2,470
Tony Ferguson,Justin Gaethje,Blue,Lightweight,15,1,4,2,471
Francis Ngannou,Jairzinho Rozenstruik,Red,Heavyweight,9,2,4,0,472
Henry Cejudo,Dominick Cruz,Red,Bantamweight,9,2,5,1,473
Vicente Luque,Niko Price,Red,Welterweight,10,3,6,4,474
Greg Hardy,Yorgan De Castro,Red,Heavyweight,2,3,1,0,475
Ryan Spann,Sam Alvey,Red,LightHeavyweight,3,0,10,8,476
Bryce Mitchell,Charles Rosa,Red,Featherweight,3,0,3,3,477
Amanda Ribas,Randa Markos,Red,WomenStrawweight,2,0,6,7,478
Jussier Formiga,Brandon Moreno,Blue,Flyweight,9,5,4,3,479
Renato Moicano,Damir Hadzovic,Red,Lightweight,5,3,3,3,480
Elizeu Zaleski dos Santos,Aleksei Kunchenko,Red,Welterweight,7,2,2,1,481
Johnny Walker,Nikita Krylov,Blue,LightHeavyweight,3,1,7,5,482
Demian Maia,Gilbert Burns,Blue,Welterweight,22,9,10,3,483
Kevin Lee,Charles Oliveira,Blue,Lightweight,11,5,16,9,484
Francisco Trinaldo,John Makdessi,Red,Lightweight,14,6,10,6,485
Rani Yahya,Enrique Barzola,Draw,Bantamweight,11,5,6,3,486
Mayra Bueno Silva,Maryna Moroz,Blue,WomenFlyweight,1,0,4,3,487
Bruno Silva,David Dvorak,Blue,Flyweight,0,1,0,0,488
Veronica Macedo,Bea Malecki,Blue,WomenBantamweight,1,3,1,0,489
Beneil Dariush,Drakkar Klose,Red,Lightweight,11,5,5,1,490
Neil Magny,Li Jingliang,Red,Welterweight,14,6,9,3,491
Sean O'Malley,Jose Quinonez,Red,Bantamweight,2,0,5,2,492
Israel Adesanya,Yoel Romero,Red,Middleweight,7,0,9,3,493
Zhang Weili,Joanna Jedrzejczyk,Red,WomenStrawweight,4,0,10,3,494
Rodolfo Vieira,Saparbeg Safarov,Red,Middleweight,1,0,1,2,495
Mark Madsen,Austin Hubbard,Red,Lightweight,1,0,1,1,496
Giga Chikadze,Jamall Emmers,Red,Featherweight,1,0,0,0,497
Batgerel Danaa,Guido Cannetti,Red,Bantamweight,0,1,2,3,498
Gerald Meerschaert,Deron Winn,Red,Middleweight,5,4,1,1,499
Alex Oliveira,Max Griffin,Red,Welterweight,9,7,3,5,500
Marcin Tybura,Serghei Spivac,Red,Heavyweight,4,5,1,1,501
Ion Cutelaba,Magomed Ankalaev,Blue,LightHeavyweight,4,3,3,1,502
Felicia Spencer,Zarah Fairn,Red,WomenFeatherweight,1,1,0,1,503
Grant Dawson,Darrick Minner,Red,Featherweight,2,0,0,0,504
Brendan Allen,Tom Breese,Red,Middleweight,1,0,4,1,505
Gabriel Silva,Kyler Phillips,Blue,Bantamweight,0,1,0,0,506
Joseph Benavidez,Deiveson Figueiredo,Blue,Flyweight,15,3,6,1,507
Megan Anderson,Norma Dumont,Red,WomenFeatherweight,2,2,0,0,508
Jordan Griffin,TJ Brown,Red,Featherweight,0,2,0,0,509
Sean Brady,Ismail Naurdiev,Red,Welterweight,1,0,2,1,510
Aalon Cruz,Spike Carlyle,Blue,Featherweight,0,0,0,0,511
Luis Pena,Steve Garcia,Red,Lightweight,3,2,0,0,512
Jimmy Crute,Michal Oleksiejczuk,Red,LightHeavyweight,2,1,2,2,513
Paul Felder,Dan Hooker,Blue,Lightweight,9,4,9,4,514
Jalin Turner,Josh Culibao,Red,Lightweight,1,2,0,0,515
Karolina Kowalkiewicz,Yan Xiaonan,Blue,WomenStrawweight,5,5,4,0,516
Ben Sosoli,Marcos Rogerio de Lima,Blue,Heavyweight,0,1,5,4,517
Brad Riddell,Magomed Mustafaev,Red,Lightweight,1,0,3,1,518
Kevin Aguilar,Zubaira Tukhugov,Blue,Featherweight,2,1,3,2,519
Jake Matthews,Emil Meek,Red,Welterweight,8,4,1,2,520
Loma Lookboonmee,Angela Hill,Blue,WomenStrawweight,1,0,6,7,521
Kai Kara-France,Tyson Nam,Red,Flyweight,3,1,0,1,522
Callan Potter,Song Kenan,Blue,Welterweight,1,1,3,1,523
Priscila Cachoeira,Shana Dobson,Red,WomenFlyweight,0,3,1,2,524
Tim Means,Daniel Rodriguez,Blue,Welterweight,11,9,0,0,525
Lando Vannata,Yancy Medeiros,Red,Lightweight,2,6,6,7,526
Brok Weaver,Kazula Vargas,Red,Lightweight,0,0,0,1,527
Montana De La Rosa,Mara Romero Borella,Red,WomenFlyweight,3,1,2,2,528
Rogerio Bontorin,Ray Borg,Blue,Flyweight,2,0,6,4,529
Diego Sanchez,Michel Pereira,Red,Welterweight,18,12,1,1,530
Corey Anderson,Jan Blachowicz,Blue,LightHeavyweight,10,4,8,5,531
John Dodson,Nathaniel Wood,Red,Bantamweight,9,6,3,0,532
Jim Miller,Scott Holtzman,Blue,Lightweight,20,13,6,3,533
Devin Clark,Dequan Townsend,Red,LightHeavyweight,4,4,0,2,534
Casey Kenney,Merab Dvalishvili,Blue,Bantamweight,2,0,2,2,535
Mark De La Rosa,Raulian Paiva,Blue,Flyweight,2,3,0,2,536
Macy Chiasson,Shanna Young,Red,WomenBantamweight,3,1,0,0,537
Valentina Shevchenko,Katlyn Chookagian,Red,WomenFlyweight,7,2,6,2,538
Juan Adams,Justin Tafa,Blue,Heavyweight,1,2,0,1,539
Trevin Giles,James Krause,Red,Middleweight,2,2,8,3,540
Derrick Lewis,Ilir Latifi,Red,Heavyweight,13,5,7,5,541
Lauren Murphy,Andrea Lee,Red,WomenFlyweight,3,4,3,1,542
Jon Jones,Dominick Reyes,Red,LightHeavyweight,19,2,6,0,543
Mirsad Bektic,Dan Ige,Blue,Featherweight,6,2,4,1,544
Alex Morono,Khaos Williams,Blue,Welterweight,6,3,0,0,545
Andre Ewell,Jonathan Martinez,Red,Bantamweight,2,2,2,1,546
Domingo Pilarte,Journey Newson,Draw,Bantamweight,0,1,0,1,547
Miles Johns,Mario Bautista,Blue,Bantamweight,1,0,1,1,548
Austin Lingo,Youssef Zalal,Blue,Featherweight,0,0,0,0,549
Curtis Blaydes,Junior Dos Santos,Red,Heavyweight,7,3,15,5,550
Justine Kish,Lucie Pudilova,Red,WomenFlyweight,2,2,2,4,551
Bevon Lewis,Dequan Townsend,Red,Middleweight,0,2,0,1,552
Jordan Espinosa,Alex Perez,Blue,Flyweight,1,1,4,1,553
Jamahal Hill,Darko Stosic,Red,LightHeavyweight,0,0,1,2,554
Rafael Dos Anjos,Michael Chiesa,Blue,Welterweight,18,10,9,4,555
Montel Jackson,Felipe Colares,Red,Bantamweight,2,1,1,1,556
Arnold Allen,Nik Lentz,Red,Featherweight,6,0,14,9,557
Sara McMann,Lina Lansberg,Red,WomenBantamweight,5,5,4,3,558
Hannah Cifers,Angela Hill,Blue,WomenStrawweight,2,1,5,7,559
Brett Johns,Tony Gravely,Red,Bantamweight,3,2,0,0,560
Herbert Burns,Nate Landwehr,Red,Featherweight,0,0,0,0,561
Anthony Pettis,Diego Ferreira,Blue,Lightweight,9,8,7,2,562
Tim Elliott,Askar Askarov,Blue,Flyweight,4,7,0,1,563
Aleksei Oleinik,Maurice Greene,Red,Heavyweight,6,4,3,1,564
Holly Holm,Raquel Pennington,Red,WomenBantamweight,5,5,7,4,565
Conor McGregor,Donald Cerrone,Red,Welterweight,9,2,23,10,566
Roxanne Modafferi,Maycee Barber,Red,WomenFlyweight,2,4,3,0,567
Andre Fili,Sodiq Yusuff,Blue,Featherweight,8,5,3,0,568
Brian Kelleher,Ode Osbourne,Red,Bantamweight,3,3,0,0,569
Drew Dober,Nasrat Haqparast,Red,Lightweight,7,6,3,1,570
Aleksa Camur,Justin Ledet,Red,LightHeavyweight,0,0,3,2,571
Sabina Mazo,JJ Aldrich,Red,WomenFlyweight,1,1,4,2,572
Dooho Choi,Charles Jourdain,Blue,Featherweight,3,2,0,1,573
Volkan Oezdemir,Aleksandar Rakic,Red,LightHeavyweight,4,3,4,0,574
Frankie Edgar,Chan Sung Jung,Blue,Featherweight,17,8,5,2,575
Da-Un Jung,Mike Rodriguez,Red,LightHeavyweight,1,0,1,2,576
SeungWoo Choi,Suman Mokhtarian,Red,Featherweight,0,2,0,1,577
Kyung Ho Kang,Pingyuan Liu,Red,Bantamweight,5,3,2,1,578
Ciryl Gane,Tanner Boser,Red,Heavyweight,2,0,1,0,579
Dong Hyun Ma,Omar Morales,Blue,Lightweight,3,4,0,0,580
Miranda Granger,Amanda Lemos,Blue,WomenStrawweight,1,0,0,1,581
Alexandre Pantoja,Matt Schnell,Red,Flyweight,5,2,4,2,582
Heili Alateng,Ryan Benoit,Red,Bantamweight,1,0,3,3,583
Junyong Park,Marc-Andre Barriault,Red,Middleweight,0,1,0,2,584
Raoni Barcelos,Said Nurmagomedov,Red,Bantamweight,3,0,2,0,585
Geoff Neal,Mike Perry,Red,Welterweight,4,0,6,5,586
Ian Heinisch,Omari Akhmedov,Blue,Middleweight,2,1,7,4,587
Amanda Nunes,Germaine de Randamie,Red,WomenBantamweight,11,1,6,1,588
Max Holloway,Alexander Volkanovski,Blue,Featherweight,17,4,7,0,589
Petr Yan,Urijah Faber,Red,Bantamweight,5,0,11,6,590
Kamaru Usman,Colby Covington,Red,Welterweight,10,0,10,1,591
Marlon Moraes,Jose Aldo,Red,Bantamweight,4,2,10,4,592
Ketlen Vieira,Irene Aldana,Blue,WomenBantamweight,4,0,4,3,593
Brandon Moreno,Kai Kara-France,Red,Flyweight,3,3,3,0,594
Matt Brown,Ben Saunders,Red,Welterweight,14,10,9,9,595
Chase Hooper,Daniel Teymur,Red,Featherweight,0,0,1,3,596
Jessica Eye,Viviane Araujo,Red,WomenFlyweight,4,7,2,0,597
Punahele Soriano,Oskar Piechota,Red,Middleweight,0,0,2,2,598
Marina Rodriguez,Cynthia Calvillo,Draw,WomenStrawweight,2,1,5,1,599
Alistair Overeem,Jairzinho Rozenstruik,Blue,Heavyweight,10,6,3,0,600
Aspen Ladd,Yana Kunitskaya,Red,WomenBantamweight,3,1,2,1,601
Rob Font,Ricky Simon,Red,Bantamweight,6,3,3,1,602
Cody Stamann,Song Yadong,Draw,Bantamweight,4,1,4,0,603
Stefan Struve,Ben Rothwell,Blue,Heavyweight,13,9,6,6,604
Thiago Alves,Tim Means,Blue,Welterweight,15,11,10,9,605
Billy Quarantillo,Jacob Kilburn,Red,Featherweight,0,0,0,0,606
Joe Solecki,Matt Wiman,Red,Lightweight,0,0,10,6,607
Bryce Mitchell,Matt Sayles,Red,Featherweight,2,0,1,1,608
Virna Jandiroba,Mallory Martin,Red,WomenStrawweight,0,1,0,0,609
Makhmud Muradov,Trevor Smith,Red,Middleweight,1,0,5,6,610
Sergio Moraes,James Krause,Blue,Welterweight,8,5,7,3,611
Charles Oliveira,Jared Gordon,Red,Lightweight,15,9,3,2,612
Jan Blachowicz,Jacare Souza,Red,LightHeavyweight,7,5,9,4,613
Ricardo Ramos,Eduardo Garagorri,Red,Featherweight,4,1,1,0,614
Antonio Arroyo,Andre Muniz,Blue,Middleweight,0,0,0,0,615
Mauricio Rua,Paul Craig,Draw,LightHeavyweight,10,9,4,4,616
Markus Perez,Wellington Turman,Blue,Middleweight,2,2,0,1,617
Warlley Alves,Randy Brown,Blue,Welterweight,7,3,5,3,618
Ariane Lipski,Isabela de Padua,Red,WomenFlyweight,0,2,0,0,619
Douglas Silva de Andrade,Renan Barao,Red,Featherweight,3,3,9,7,620
Vanessa Melo,Tracy Cortez,Blue,WomenBantamweight,0,1,0,0,621
Francisco Trinaldo,Bobby Green,Red,Lightweight,13,6,5,5,622
Alexander Volkov,Greg Hardy,Red,Heavyweight,4,1,2,2,623
Shamil Gamzatov,Klidson Abreu,Red,LightHeavyweight,0,0,1,1,624
Zelim Imadaev,Danny Roberts,Blue,Welterweight,0,1,5,4,625
Rustam Khabilov,Sergey Khandozhko,Red,Welterweight,9,3,1,0,626
Khadis Ibragimov,Ed Herman,Blue,LightHeavyweight,0,1,11,11,627
Ramazan Emeev,Anthony Rocco Martin,Blue,Welterweight,3,0,8,5,628
Zabit Magomedsharipov,Calvin Kattar,Red,Featherweight,5,0,4,1,629
Magomed Ankalaev,Dalcha Lungiambula,Red,LightHeavyweight,2,1,1,0,630
Abubakar Nurmagomedov,David Zawada,Blue,Welterweight,0,0,0,2,631
Roman Kopylov,Karl Roberson,Blue,Middleweight,0,0,3,2,632
Alexander Yakovlev,Roosevelt Roberts,Blue,Lightweight,3,4,2,1,633
Jessica-Rose Clark,Pannie Kianzad,Blue,WomenBantamweight,2,1,0,2,634
Grigory Popov,Davey Grant,Blue,Bantamweight,0,1,1,3,635
Kevin Lee,Gregor Gillespie,Red,Lightweight,10,5,6,0,636
Stephen Thompson,Vicente Luque,Red,Welterweight,9,5,10,2,637
Jorge Masvidal,Nate Diaz,Red,Welterweight,11,6,15,9,638
Shane Burgos,Makwan Amirkhani,Red,Featherweight,5,1,5,1,639
Corey Anderson,Johnny Walker,Red,LightHeavyweight,9,4,3,0,640
Kelvin Gastelum,Darren Till,Blue,Middleweight,10,5,5,3,641
Derrick Lewis,Blagoy Ivanov,Red,Heavyweight,12,5,2,1,642
Brad Tavares,Edmen Shahbazyan,Blue,Middleweight,12,5,3,0,643
Andrei Arlovski,Jairzinho Rozenstruik,Blue,Heavyweight,17,13,2,0,644
Katlyn Chookagian,Jennifer Maia,Red,WomenFlyweight,5,2,2,1,645
Julio Arce,Hakeem Dawodu,Blue,Featherweight,3,1,3,1,646
Lyman Good,Chance Rencountre,Red,Welterweight,2,2,2,1,647
Ciryl Gane,Don'Tale Mayes,Red,Heavyweight,1,0,0,0,648
Michael Johnson,Stevie Ray,Blue,Lightweight,11,10,6,4,649
Enrique Barzola,Movsar Evloev,Blue,Featherweight,6,2,1,0,650
Randa Markos,Ashley Yoder,Red,WomenStrawweight,5,7,2,3,651
Frank Camacho,Beneil Dariush,Blue,Lightweight,2,3,10,5,652
Muslim Salikhov,Laureano Staropoli,Red,Welterweight,2,1,2,0,653
Demian Maia,Ben Askren,Red,Welterweight,21,9,1,1,654
Alex White,Rafael Fiziev,Blue,Lightweight,4,5,0,1,655
Maurice Greene,Sergei Pavlovich,Blue,Heavyweight,3,0,1,1,656
Loma Lookboonmee,Aleksandra Albu,Red,WomenStrawweight,0,0,2,1,657
Raphael Pessoa,Jeff Hughes,Red,Heavyweight,0,1,0,2,658
Maycee Barber,Gillian Robertson,Red,WomenFlyweight,2,0,4,1,659
Greg Hardy,Ben Sosoli,Draw,Heavyweight,2,1,0,0,660
Deron Winn,Darren Stewart,Blue,Middleweight,1,0,3,5,661
Molly McCann,Diana Belbita,Red,WomenFlyweight,2,1,0,0,662
Charles Rosa,Manny Bermudez,Red,Featherweight,2,3,3,1,663
Joe Lauzon,Jonathan Pearce,Red,Lightweight,14,12,0,0,664
Dominick Reyes,Chris Weidman,Red,LightHeavyweight,5,0,10,4,665
Yair Rodriguez,Jeremy Stephens,Red,Featherweight,7,2,15,16,666
Randy Costa,Boston Salmon,Red,Bantamweight,0,1,0,1,667
Brendan Allen,Kevin Holland,Red,Middleweight,0,0,3,1,668
Kyle Bochniak,Sean Woodson,Blue,Featherweight,2,4,0,0,669
Daniel Spitz,Tanner Boser,Blue,Heavyweight,1,2,0,0,670
Court McGee,Sean Brady,Blue,Welterweight,8,7,0,0,671
Ryan Spann,Devin Clark,Red,LightHeavyweight,2,0,4,3,672
Mackenzie Dern,Amanda Ribas,Blue,WomenStrawweight,2,0,1,0,673
Mike Davis,Thomas Gifford,Red,Lightweight,0,1,0,1,674
Cub Swanson,Kron Gracie,Red,Featherweight,10,7,1,0,675
Matt Frevola,Luis Pena,Red,Lightweight,1,2,3,1,676
Eryk Anders,Gerald Meerschaert,Red,Middleweight,4,4,5,3,677
Joanna Jedrzejczyk,Michelle Waterson,Red,WomenStrawweight,9,3,5,2,678
Niko Price,James Vick,Red,Welterweight,5,4,9,4,679
Max Griffin,Alex Morono,Blue,Welterweight,3,4,5,3,680
Deiveson Figueiredo,Tim Elliott,Red,Flyweight,5,1,4,6,681
Marlon Vera,Andre Ewell,Red,Bantamweight,8,4,2,1,682
Miguel Baeza,Hector Aldana,Red,Welterweight,0,0,0,2,683
Marvin Vettori,Andrew Sanchez,Red,Middleweight,3,3,4,2,684
JJ Aldrich,Lauren Mueller,Red,WomenFlyweight,3,2,1,2,685
Justin Tafa,Yorgan De Castro,Blue,Heavyweight,0,0,0,0,686
Robert Whittaker,Israel Adesanya,Blue,Middleweight,11,2,6,0,687
Jake Matthews,Rostem Akman,Red,Welterweight,7,4,0,1,688
Tai Tuivasa,Serghei Spivac,Blue,Heavyweight,3,2,0,1,689
Brad Riddell,Jamie Mullarkey,Red,Lightweight,0,0,0,0,690
Al Iaquinta,Dan Hooker,Blue,Lightweight,9,4,8,4,691
Callan Potter,Maki Pitolo,Red,Welterweight,0,1,0,0,692
Luke Jumeau,Dhiego Lima,Blue,Welterweight,2,1,3,5,693
Megan Anderson,Zarah Fairn,Red,WomenFeatherweight,1,2,0,0,694
Khalid Taha,Bruno Silva,Draw,Bantamweight,1,1,0,0,695
Nadia Kassem,Ji Yeon Kim,Blue,WomenFlyweight,1,1,2,2,696
Ion Cutelaba,Khalil Rountree Jr.,Red,LightHeavyweight,3,3,4,4,697
Michal Oleksiejczuk,Ovince Saint Preux,Blue,LightHeavyweight,2,1,11,8,698
Alen Amedovski,John Phillips,Blue,Middleweight,0,1,0,3,699
Nicolas Dalby,Alex Oliveira,Red,Welterweight,1,3,9,6,700
Gunnar Nelson,Gilbert Burns,Blue,Welterweight,8,4,9,3,701
Jack Hermansson,Jared Cannonier,Blue,Middleweight,7,2,5,4,702
Mark Madsen,Danilo Belluardo,Red,Lightweight,0,0,0,1,703
Alessio Di Chirico,Makhmud Muradov,Blue,Middleweight,3,3,0,0,704
Siyar Bahadurzada,Ismail Naurdiev,Blue,Welterweight,4,3,1,1,705
Macy Chiasson,Lina Lansberg,Blue,WomenBantamweight,3,0,3,3,706
Brandon Davis,Giga Chikadze,Blue,Featherweight,2,4,0,0,707
Marc Diakiese,Lando Vannata,Red,Lightweight,4,3,2,5,708
Jack Shore,Nohelin Hernandez,Red,Bantamweight,0,0,0,1,709
Martin Bravo,Steven Peterson,Blue,Featherweight,1,2,1,3,710
Jose Quinonez,Carlos Huachin,Red,Bantamweight,4,2,0,1,711
Carla Esparza,Alexa Grasso,Red,WomenStrawweight,5,4,3,2,712
Ariane Carnelossi,Angela Hill,Blue,WomenStrawweight,0,0,4,7,713
Marco Polo Reyes,Kyle Nelson,Blue,Featherweight,4,3,0,2,714
Brandon Moreno,Askar Askarov,Draw,Flyweight,3,2,0,0,715
Irene Aldana,Vanessa Melo,Red,WomenBantamweight,3,3,0,0,716
Yair Rodriguez,Jeremy Stephens,Draw,Featherweight,7,1,15,15,717
Vinicius Moreira,Paul Craig,Blue,LightHeavyweight,0,2,3,4,718
Claudio Puelles,Marcos Mariano,Red,Lightweight,1,1,0,1,719
Sijara Eubanks,Bethe Correia,Blue,WomenBantamweight,2,1,4,5,720
Sergio Pettis,Tyson Nam,Red,Flyweight,8,5,0,0,721
Donald Cerrone,Justin Gaethje,Blue,Lightweight,23,9,3,2,722
Misha Cirkunov,Jimmy Crute,Red,LightHeavyweight,5,3,2,0,723
Cole Smith,Miles Johns,Blue,Bantamweight,1,0,0,0,724
Marcin Tybura,Augusto Sakai,Blue,Heavyweight,4,4,2,0,725
Uriah Hall,Antonio Carlos Junior,Red,Middleweight,7,7,7,4,726
Glover Teixeira,Nikita Krylov,Red,LightHeavyweight,12,5,7,4,727
Todd Duffee,Jeff Hughes,Draw,Heavyweight,3,2,0,1,728
Michel Pereira,Tristan Connelly,Blue,Welterweight,1,0,0,0,729
Louis Smolka,Ryan MacDonald,Red,Bantamweight,6,6,0,1,730
Kyle Prepolec,Austin Hubbard,Blue,Lightweight,0,1,0,1,731
Chas Skelly,Jordan Griffin,Red,Featherweight,6,4,0,1,732
Brad Katona,Hunter Azure,Blue,Bantamweight,2,1,0,0,733
Zubaira Tukhugov,Lerone Murphy,Draw,Featherweight,3,1,0,0,734
Curtis Blaydes,Shamil Abdurakhimov,Red,Heavyweight,6,3,5,2,735
Liana Jojua,Sarah Moras,Blue,WomenBantamweight,0,0,2,4,736
Islam Makhachev,Davi Ramos,Red,Lightweight,6,1,4,1,737
Khabib Nurmagomedov,Dustin Poirier,Red,Lightweight,11,0,17,5,738
Edson Barboza,Paul Felder,Blue,Lightweight,14,7,8,4,739
Joanne Calderwood,Andrea Lee,Red,WomenFlyweight,5,4,3,0,740
Mairbek Taisumov,Diego Ferreira,Blue,Lightweight,7,1,6,2,741
Ottman Azaitar,Teemu Packalen,Red,Lightweight,0,0,1,2,742
Omari Akhmedov,Zak Cummings,Red,Middleweight,6,4,8,3,743
Belal Muhammad,Takashi Sato,Red,Welterweight,6,3,1,0,744
Don Madge,Fares Ziam,Red,Lightweight,1,0,0,0,745
Nordine Taleb,Muslim Salikhov,Blue,Welterweight,7,4,1,1,746
Da-Un Jung,Khadis Ibragimov,Red,LightHeavyweight,0,0,0,0,747
Kai Kara-France,Mark De La Rosa,Red,Flyweight,2,0,2,2,748
Li Jingliang,Elizeu Zaleski dos Santos,Red,Welterweight,8,3,7,1,749
Su Mudaerji,Andre Soukhamthath,Red,Bantamweight,0,1,2,4,750
Wu Yanan,Inoue Mizuki,Blue,WomenFlyweight,1,1,0,0,751
Jessica Andrade,Zhang Weili,Blue,WomenStrawweight,11,4,3,0,752
Song Kenan,Derrick Krantz,Red,Welterweight,2,1,0,1,753
Junyong Park,Anthony Hernandez,Blue,Middleweight,0,0,0,1,754
Damir Ismagulov,Thiago Moises,Red,Lightweight,2,0,1,1,755
Karol Rosa,Lara Procopio,Red,WomenBantamweight,0,0,0,0,756
Heili Alateng,Batgerel Danaa,Red,Bantamweight,0,0,0,0,757
Devonte Smith,Khama Worthy,Blue,Lightweight,2,0,0,0,758
Anthony Pettis,Nate Diaz,Blue,Welterweight,9,7,14,9,759
Christos Giagos,Drakkar Klose,Blue,Lightweight,3,3,4,1,760
Yoel Romero,Paulo Costa,Blue,Middleweight,9,2,4,0,761
Raphael Assuncao,Cory Sandhagen,Blue,Bantamweight,11,3,4,0,762
Gabriel Benitez,Sodiq Yusuff,Blue,Featherweight,5,2,2,0,763
Derek Brunson,Ian Heinisch,Red,Middleweight,10,5,2,0,764
Daniel Cormier,Stipe Miocic,Blue,Heavyweight,11,2,12,3,765
Kyung Ho Kang,Brandon Davis,Red,Bantamweight,4,3,2,3,766
Hannah Cifers,Jodie Esquibel,Red,WomenStrawweight,1,1,0,3,767
Manny Bermudez,Casey Kenney,Blue,CatchWeight,3,0,1,0,768
Sabina Mazo,Shana Dobson,Red,WomenFlyweight,0,1,1,1,769
Eduardo Garagorri,Humberto Bandenay,Red,Featherweight,0,0,1,2,770
Vicente Luque,Mike Perry,Red,Welterweight,9,2,6,4,771
Gilbert Burns,Aleksei Kunchenko,Red,Welterweight,8,3,2,0,772
Volkan Oezdemir,Ilir Latifi,Red,LightHeavyweight,3,3,7,4,773
Ciryl Gane,Raphael Pessoa,Red,Heavyweight,0,0,0,0,774
Enrique Barzola,Bobby Moffett,Red,Featherweight,5,2,0,2,775
Rodolfo Vieira,Oskar Piechota,Red,Middleweight,0,0,2,1,776
Valentina Shevchenko,Liz Carmouche,Red,WomenFlyweight,6,2,5,4,777
Tecia Torres,Marina Rodriguez,Blue,WomenStrawweight,6,4,1,1,778
Rogerio Bontorin,Raulian Paiva,Red,Flyweight,1,0,0,1,779
Geraldo de Freitas,Chris Gutierrez,Blue,Bantamweight,1,0,1,1,780
Veronica Macedo,Polyana Viana,Red,WomenFlyweight,0,3,1,2,781
Kazula Vargas,Alex Da Silva,Blue,Lightweight,0,0,0,1,782
Joaquim Silva,Nasrat Haqparast,Blue,Lightweight,4,1,2,1,783
Scott Holtzman,Dong Hyun Ma,Red,Lightweight,5,3,3,3,784
Darko Stosic,Kennedy Nzechukwu,Blue,LightHeavyweight,1,1,0,1,785
Antonina Shevchenko,Lucie Pudilova,Red,WomenFlyweight,1,1,2,3,786
Colby Covington,Robbie Lawler,Red,Welterweight,9,1,13,7,787
Jim Miller,Clay Guida,Red,Lightweight,19,13,15,12,788
Trevin Giles,Gerald Meerschaert,Blue,Middleweight,2,1,4,3,789
Miranda Granger,Hannah Goldy,Red,WomenFlyweight,0,0,0,0,790
Jordan Espinosa,Matt Schnell,Blue,Flyweight,1,0,3,2,791
Lauren Murphy,Mara Romero Borella,Red,WomenFlyweight,2,4,2,1,792
Claudio Silva,Cole Williams,Red,Welterweight,4,0,0,0,793
Mickey Gall,Salim Touahri,Red,Welterweight,4,2,0,2,794
Gavin Tucker,SeungWoo Choi,Red,Featherweight,1,1,0,1,795
Geoff Neal,Niko Price,Red,Welterweight,3,0,5,3,796
Hakeem Dawodu,Yoshinori Horie,Red,Featherweight,2,1,0,0,797
Marc-Andre Barriault,Krzysztof Jotko,Blue,Middleweight,0,1,7,4,798
Cristiane Justino,Felicia Spencer,Red,WomenFeatherweight,5,1,1,0,799
Olivier Aubin-Mercier,Arman Tsarukyan,Blue,Lightweight,7,4,0,1,800
Alexis Davis,Viviane Araujo,Blue,WomenFlyweight,6,4,1,0,801
Max Holloway,Frankie Edgar,Red,Featherweight,16,4,17,7,802
Alexandre Pantoja,Deiveson Figueiredo,Blue,Flyweight,5,1,4,1,803
Gillian Robertson,Sarah Frota,Red,WomenFlyweight,3,1,0,1,804
Erik Koch,Kyle Stewart,Red,Welterweight,4,5,0,1,805
Raquel Pennington,Irene Aldana,Red,WomenBantamweight,6,4,3,2,806
Rafael Dos Anjos,Leon Edwards,Blue,Welterweight,18,9,9,2,807
Alex Caceres,Steven Peterson,Red,Featherweight,9,11,1,2,808
Alexander Hernandez,Francisco Trinaldo,Red,Lightweight,2,1,13,5,809
James Vick,Dan Hooker,Blue,Lightweight,9,3,7,4,810
Aleksei Oleinik,Walt Harris,Blue,Heavyweight,6,3,5,7,811
Andrei Arlovski,Ben Rothwell,Red,Heavyweight,16,13,6,5,812
Greg Hardy,Juan Adams,Red,Heavyweight,1,1,1,1,813
Roxanne Modafferi,Jennifer Maia,Blue,WomenFlyweight,2,3,1,1,814
Sam Alvey,Klidson Abreu,Blue,LightHeavyweight,10,7,0,1,815
Domingo Pilarte,Felipe Colares,Blue,Bantamweight,0,0,0,1,816
Ray Borg,Gabriel Silva,Red,Bantamweight,5,4,0,0,817
Mario Bautista,Jin Soo Son,Red,Bantamweight,0,1,0,1,818
Andre Fili,Sheymon Moraes,Red,Featherweight,7,5,2,2,819
Marvin Vettori,Cezar Ferreira,Red,Middleweight,2,3,9,5,820
Josh Emmett,Mirsad Bektic,Red,Featherweight,5,2,6,1,821
Julianna Pena,Nicco Montano,Red,WomenBantamweight,4,1,1,0,822
Mike Rodriguez,John Allan,Draw,LightHeavyweight,1,1,0,0,823
Urijah Faber,Ricky Simon,Red,Bantamweight,10,6,3,0,824
Germaine de Randamie,Aspen Ladd,Red,WomenBantamweight,5,1,3,0,825
Karl Roberson,Wellington Turman,Red,Middleweight,2,2,0,0,826
Pingyuan Liu,Jonathan Martinez,Blue,Bantamweight,2,0,1,1,827
Benito Lopez,Vince Morales,Red,Bantamweight,1,1,1,1,828
Livinha Souza,Brianna Van Buren,Blue,WomenStrawweight,2,0,0,0,829
Darren Elkins,Ryan Hall,Blue,Featherweight,14,6,3,0,830
Jorge Masvidal,Ben Askren,Red,Welterweight,10,6,1,0,831
Marlon Vera,Nohelin Hernandez,Red,Bantamweight,7,4,0,0,832
Amanda Nunes,Holly Holm,Red,WomenBantamweight,10,1,5,4,833
Diego Sanchez,Michael Chiesa,Blue,Welterweight,18,11,8,4,834
Jon Jones,Thiago Santos,Red,LightHeavyweight,18,2,13,5,835
Gilbert Melendez,Arnold Allen,Blue,Featherweight,1,5,5,0,836
Claudia Gadelha,Randa Markos,Red,WomenStrawweight,5,4,5,6,837
Jan Blachowicz,Luke Rockhold,Red,LightHeavyweight,6,5,6,3,838
Edmen Shahbazyan,Jack Marshman,Red,Middleweight,2,0,3,3,839
Alejandro Perez,Song Yadong,Blue,Bantamweight,7,3,3,0,840
Ismail Naurdiev,Chance Rencountre,Blue,Welterweight,1,0,1,1,841
Julia Avila,Pannie Kianzad,Red,WomenBantamweight,0,0,0,1,842
Eryk Anders,Vinicius Moreira,Red,LightHeavyweight,3,4,0,1,843
Jussier Formiga,Joseph Benavidez,Blue,Flyweight,9,4,14,3,844
Roosevelt Roberts,Vinc Pichel,Blue,Lightweight,2,0,4,2,845
Francis Ngannou,Junior Dos Santos,Red,Heavyweight,8,2,15,4,846
Alonzo Menifield,Paul Craig,Red,LightHeavyweight,1,0,3,3,847
Drew Dober,Marco Polo Reyes,Red,Lightweight,6,6,4,2,848
Demian Maia,Anthony Rocco Martin,Red,Welterweight,20,9,8,4,849
Ricardo Ramos,Journey Newson,Red,Bantamweight,3,1,0,0,850
Emily Whitmire,Amanda Ribas,Blue,WomenStrawweight,2,1,0,0,851
Dalcha Lungiambula,Dequan Townsend,Red,LightHeavyweight,0,0,0,0,852
Maurice Greene,Junior Albini,Red,Heavyweight,2,0,1,3,853
Jared Gordon,Dan Moret,Red,Lightweight,2,2,0,2,854
Kevin Holland,Alessio Di Chirico,Red,Middleweight,2,1,3,2,855
Ashley Yoder,Syuri Kondo,Red,WomenStrawweight,1,3,1,2,856
Matt Wiman,Luis Pena,Blue,Lightweight,10,5,2,1,857
Andrea Lee,Montana De La Rosa,Red,WomenFlyweight,2,0,3,0,858
Renato Moicano,Chan Sung Jung,Blue,Featherweight,5,2,4,2,859
Bryan Barberena,Randy Brown,Blue,Welterweight,5,4,4,3,860
Dan Ige,Kevin Aguilar,Red,Featherweight,3,1,2,0,861
Andre Ewell,Anderson Dos Santos,Red,Bantamweight,1,1,0,1,862
Allen Crowder,Jairzinho Rozenstruik,Blue,Heavyweight,1,1,1,0,863
Ariane Lipski,Molly McCann,Blue,WomenFlyweight,0,1,1,1,864
Deron Winn,Eric Spicely,Red,Middleweight,0,0,2,4,865
Aljamain Sterling,Pedro Munhoz,Red,Bantamweight,9,3,8,4,866
Tatiana Suarez,Nina Ansaroff,Red,WomenStrawweight,4,0,4,2,867
Tai Tuivasa,Blagoy Ivanov,Blue,Heavyweight,3,1,1,1,868
Valentina Shevchenko,Jessica Eye,Red,WomenFlyweight,5,2,4,6,869
Jimmie Rivera,Petr Yan,Blue,Bantamweight,6,2,4,0,870
Tony Ferguson,Donald Cerrone,Red,Lightweight,14,1,23,8,871
Karolina Kowalkiewicz,Alexa Grasso,Blue,WomenStrawweight,5,4,2,2,872
Henry Cejudo,Marlon Moraes,Red,Bantamweight,8,2,4,1,873
Yan Xiaonan,Angela Hill,Red,WomenStrawweight,3,0,4,6,874
Katlyn Chookagian,Joanne Calderwood,Red,WomenFlyweight,4,2,5,3,875
Bevon Lewis,Darren Stewart,Blue,Middleweight,0,1,2,5,876
Ricardo Lamas,Calvin Kattar,Blue,Featherweight,10,5,3,1,877
Eddie Wineland,Grigory Popov,Red,Bantamweight,5,7,0,0,878
Stevie Ray,Leonardo Santos,Blue,Lightweight,6,3,5,1,879
Tonya Evinger,Lina Lansberg,Blue,WomenBantamweight,0,2,2,3,880
Damir Hadzovic,Christos Giagos,Blue,Lightweight,3,2,2,3,881
Makwan Amirkhani,Chris Fishgold,Red,Featherweight,4,1,1,1,882
Alexander Gustafsson,Anthony Smith,Blue,LightHeavyweight,10,5,7,4,883
Daniel Teymur,Sung Bin Jo,Red,Featherweight,0,3,0,0,884
Rostem Akman,Sergey Khandozhko,Blue,Welterweight,0,0,0,0,885
Jimi Manuwa,Aleksandar Rakic,Blue,LightHeavyweight,6,5,3,0,886
Darko Stosic,Devin Clark,Blue,LightHeavyweight,1,0,3,3,887
Joel Alvarez,Danilo Belluardo,Red,Lightweight,0,1,0,0,888
Nick Hein,Frank Camacho,Blue,Lightweight,4,3,1,3,889
Bea Malecki,Duda Santana,Red,WomenBantamweight,0,0,0,0,890
Davi Ramos,Austin Hubbard,Red,Lightweight,3,1,0,0,891
Vicente Luque,Derrick Krantz,Red,Welterweight,8,2,0,0,892
Rafael Dos Anjos,Kevin Lee,Red,Welterweight,17,9,10,4,893
Aspen Ladd,Sijara Eubanks,Red,WomenBantamweight,2,0,2,0,894
Desmond Green,Charles Jourdain,Red,Lightweight,3,3,0,0,895
Megan Anderson,Felicia Spencer,Blue,WomenFeatherweight,1,1,0,0,896
Antonio Carlos Junior,Ian Heinisch,Blue,Middleweight,7,3,1,0,897
Charles Oliveira,Nik Lentz,Red,Lightweight,14,9,14,8,898
Zak Cummings,Trevin Giles,Red,Middleweight,7,3,2,0,899
Michael Trizano,Grant Dawson,Blue,Featherweight,2,0,1,0,900
Danny Roberts,Michel Pereira,Blue,Welterweight,5,3,0,0,901
Patrick Cummins,Ed Herman,Blue,LightHeavyweight,6,6,10,11,902
Julio Arce,Julian Erosa,Red,Featherweight,2,1,1,3,903
Irene Aldana,Bethe Correia,Red,WomenBantamweight,2,2,4,4,904
Jared Cannonier,Anderson Silva,Red,Middleweight,4,4,17,6,905
Rogerio Nogueira,Ryan Spann,Blue,LightHeavyweight,6,5,1,0,906
Thiago Moises,Kurt Holobaugh,Red,Lightweight,0,1,0,3,907
Jose Aldo,Alexander Volkanovski,Blue,Featherweight,10,3,6,0,908
Thiago Alves,Laureano Staropoli,Blue,Welterweight,15,10,1,0,909
Warlley Alves,Sergio Moraes,Red,Welterweight,6,3,8,4,910
Rose Namajunas,Jessica Andrade,Blue,WomenStrawweight,6,2,10,4,911
Raoni Barcelos,Carlos Huachin,Red,Bantamweight,2,0,0,0,912
BJ Penn,Clay Guida,Blue,Lightweight,12,14,14,12,913
Luana Carolina,Priscila Cachoeira,Red,WomenFlyweight,0,0,0,2,914
Talita Bernardo,Viviane Araujo,Blue,WomenBantamweight,1,2,0,0,915
Walt Harris,Serghei Spivac,Red,Heavyweight,4,7,0,0,916
Al Iaquinta,Donald Cerrone,Blue,Lightweight,9,3,22,8,917
Marc-Andre Barriault,Andrew Sanchez,Blue,Middleweight,0,0,3,2,918
Aiemann Zahabi,Vince Morales,Blue,Bantamweight,1,1,0,1,919
Derek Brunson,Elias Theodorou,Red,Middleweight,9,5,8,2,920
Macy Chiasson,Sarah Moras,Red,WomenBantamweight,2,0,2,3,921
Cub Swanson,Shane Burgos,Blue,Featherweight,10,6,4,1,922
Brad Katona,Merab Dvalishvili,Blue,Bantamweight,2,0,1,2,923
Nordine Taleb,Kyle Prepolec,Red,Welterweight,6,4,0,0,924
Kyle Nelson,Matt Sayles,Blue,Featherweight,0,1,0,1,925
Arjan Bhullar,Juan Adams,Red,Heavyweight,2,1,1,0,926
Mitch Gagnon,Cole Smith,Blue,Bantamweight,4,3,0,0,927
Andrei Arlovski,Augusto Sakai,Blue,Heavyweight,16,12,1,0,928
Glover Teixeira,Ion Cutelaba,Red,LightHeavyweight,11,5,3,2,929
Greg Hardy,Dmitrii Smoliakov,Red,Heavyweight,0,1,0,2,930
John Lineker,Cory Sandhagen,Blue,Bantamweight,12,3,3,0,931
Jacare Souza,Jack Hermansson,Blue,Middleweight,9,3,6,2,932
Roosevelt Roberts,Thomas Gifford,Red,Lightweight,1,0,0,0,933
Ben Saunders,Takashi Sato,Blue,Welterweight,9,8,0,0,934
Alex Oliveira,Mike Perry,Blue,Welterweight,9,5,5,4,935
Angela Hill,Jodie Esquibel,Red,WomenStrawweight,3,6,0,2,936
Carla Esparza,Virna Jandiroba,Red,WomenStrawweight,4,4,0,0,937
Gilbert Burns,Mike Davis,Red,Lightweight,7,3,0,0,938
Jim Miller,Jason Gonzalez,Red,Lightweight,18,13,1,2,939
Court McGee,Dhiego Lima,Blue,Welterweight,8,6,2,5,940
Roxanne Modafferi,Antonina Shevchenko,Red,WomenFlyweight,1,3,1,0,941
Alexander Yakovlev,Alex Da Silva,Red,Lightweight,2,4,0,0,942
Islam Makhachev,Arman Tsarukyan,Red,Lightweight,5,1,0,0,943
Krzysztof Jotko,Alen Amedovski,Red,Middleweight,6,4,0,0,944
Sergei Pavlovich,Marcelo Golm,Red,Heavyweight,0,1,1,2,945
Alistair Overeem,Aleksei Oleinik,Red,Heavyweight,9,6,6,2,946
Movsar Evloev,SeungWoo Choi,Red,Featherweight,0,0,0,0,947
Sultan Aliev,Keita Nakamura,Red,Welterweight,1,2,4,6,948
Marcin Tybura,Shamil Abdurakhimov,Blue,Heavyweight,4,3,4,2,949
Gadzhimurad Antigulov,Michal Oleksiejczuk,Blue,LightHeavyweight,2,1,1,1,950
Magomed Mustafaev,Rafael Fiziev,Red,Lightweight,2,1,0,0,951
Max Holloway,Dustin Poirier,Blue,Lightweight,16,3,16,5,952
Max Griffin,Zelim Imadaev,Red,Welterweight,2,4,0,0,953
Eryk Anders,Khalil Rountree Jr.,Blue,LightHeavyweight,3,3,3,4,954
Alan Jouban,Dwight Grant,Blue,Welterweight,7,4,1,1,955
Jalin Turner,Matt Frevola,Blue,Lightweight,1,1,0,2,956
Ovince Saint Preux,Nikita Krylov,Blue,LightHeavyweight,11,7,6,4,957
Kelvin Gastelum,Israel Adesanya,Blue,Middleweight,10,4,5,0,958
Curtis Millender,Belal Muhammad,Blue,Welterweight,3,1,5,3,959
Wilson Reis,Alexandre Pantoja,Blue,Flyweight,7,5,4,1,960
Boston Salmon,Khalid Taha,Blue,Bantamweight,0,0,0,1,961
Montel Jackson,Andre Soukhamthath,Red,Bantamweight,1,1,2,3,962
Brandon Davis,Randy Costa,Red,Bantamweight,1,3,0,0,963
Lauren Mueller,Poliana Botelho,Blue,WomenFlyweight,1,1,2,1,964
Edson Barboza,Justin Gaethje,Blue,Lightweight,14,6,2,2,965
Kennedy Nzechukwu,Paul Craig,Blue,LightHeavyweight,0,0,2,3,966
Ross Pearson,Desmond Green,Blue,Lightweight,12,13,2,3,967
Sodiq Yusuff,Sheymon Moraes,Red,Featherweight,1,0,2,1,968
Karolina Kowalkiewicz,Michelle Waterson,Blue,WomenStrawweight,5,3,4,2,969
Marina Rodriguez,Jessica Aguilar,Red,WomenStrawweight,0,1,1,3,970
Josh Emmett,Michael Johnson,Red,Featherweight,4,2,11,9,971
David Branch,Jack Hermansson,Blue,Middleweight,4,4,5,2,972
Ray Borg,Casey Kenney,Blue,Bantamweight,5,3,0,0,973
Enrique Barzola,Kevin Aguilar,Blue,Featherweight,5,1,1,0,974
Kevin Holland,Gerald Meerschaert,Red,Middleweight,1,1,4,2,975
Alex Perez,Mark De La Rosa,Red,Bantamweight,3,1,2,1,976
Sabina Mazo,Maryna Moroz,Blue,WomenFlyweight,0,0,3,3,977
Bryce Mitchell,Bobby Moffett,Red,Featherweight,1,0,0,1,978
Jussier Formiga,Deiveson Figueiredo,Red,Flyweight,8,4,4,0,979
Stephen Thompson,Anthony Pettis,Blue,Welterweight,9,4,8,7,980
Marlon Vera,Frankie Saenz,Red,Bantamweight,6,4,5,3,981
Curtis Blaydes,Justin Willis,Red,Heavyweight,5,3,4,0,982
John Makdessi,Jesus Pinedo,Red,Lightweight,9,6,1,0,983
Maycee Barber,JJ Aldrich,Red,WomenFlyweight,1,0,3,1,984
Luis Pena,Steven Peterson,Red,Featherweight,1,1,1,1,985
Randa Markos,Angela Hill,Red,WomenStrawweight,4,6,3,5,986
Eric Shelton,Jordan Espinosa,Blue,Flyweight,2,3,0,0,987
Alexis Davis,Jennifer Maia,Blue,WomenFlyweight,6,3,0,1,988
Ryan MacDonald,Chris Gutierrez,Blue,Bantamweight,0,0,0,1,989
Volkan Oezdemir,Dominick Reyes,Blue,LightHeavyweight,3,2,4,0,990
Jack Marshman,John Phillips,Red,Middleweight,2,3,0,2,991
Nathaniel Wood,Jose Quinonez,Red,Bantamweight,2,0,4,1,992
Marc Diakiese,Joe Duffy,Red,Lightweight,3,3,4,2,993
Arnold Allen,Jordan Rinaldi,Red,Featherweight,4,0,2,2,994
Danny Roberts,Claudio Silva,Blue,Welterweight,5,2,3,0,995
Darren Till,Jorge Masvidal,Blue,Welterweight,5,2,9,6,996
Leon Edwards,Gunnar Nelson,Red,Welterweight,8,2,8,3,997
Danny Henry,Dan Ige,Blue,Featherweight,2,0,2,1,998
Molly McCann,Priscila Cachoeira,Red,WomenFlyweight,0,1,0,1,999
Nicolae Negumereanu,Saparbeg Safarov,Blue,LightHeavyweight,0,0,0,2,1000
Mike Grundy,Nad Narimani,Red,Featherweight,0,0,2,0,1001
Blagoy Ivanov,Ben Rothwell,Red,Heavyweight,0,1,6,4,1002
Elizeu Zaleski dos Santos,Curtis Millender,Red,Welterweight,6,1,3,0,1003
Derrick Lewis,Junior Dos Santos,Blue,Heavyweight,12,4,14,4,1004
Beneil Dariush,Drew Dober,Red,Lightweight,9,5,6,5,1005
Marion Reneau,Yana Kunitskaya,Blue,WomenBantamweight,5,4,1,1,1006
Tim Boetsch,Omari Akhmedov,Blue,Middleweight,12,11,5,4,1007
Anthony Rocco Martin,Sergio Moraes,Red,Welterweight,7,4,8,3,1008
Tim Means,Niko Price,Blue,Welterweight,10,8,4,3,1009
Grant Dawson,Julian Erosa,Red,Featherweight,0,0,1,2,1010
Maurice Greene,Jeff Hughes,Red,Heavyweight,1,0,0,0,1011
Alex White,Dan Moret,Red,Lightweight,3,5,0,1,1012
Alex Morono,Zak Ottow,Red,Welterweight,4,3,4,3,1013
Louis Smolka,Matt Schnell,Blue,Bantamweight,6,5,2,2,1014